Origin,Destination,Relative number of trips
1,1,271
2,1,40
3,1,56
4,1,42
7,1,45
8,1,3
10,1,5
11,1,12
12,1,45
13,1,1
14,1,32
15,1,3
16,1,8
17,1,7
18,1,2
19,1,93
20,1,2
21,1,15
22,1,3
23,1,293
24,1,8
25,1,12
26,1,2
27,1,5
28,1,2
29,1,1
30,1,4
31,1,2
34,1,1
35,1,3
36,1,1
41,1,2
44,1,2
46,1,1
48,1,1
49,1,12
50,1,11
51,1,6
52,1,2
53,1,1
54,1,1
55,1,1
57,1,24
58,1,1
59,1,1
60,1,1
63,1,1
64,1,23
65,1,2
66,1,1
1,2,44
2,2,46
3,2,28
4,2,10
7,2,5
10,2,1
11,2,5
12,2,16
14,2,20
15,2,2
16,2,6
18,2,1
19,2,42
20,2,1
21,2,5
23,2,61
24,2,3
25,2,3
28,2,1
30,2,2
35,2,1
36,2,5
40,2,1
48,2,2
49,2,7
50,2,1
51,2,9
52,2,1
53,2,4
57,2,7
58,2,2
62,2,2
64,2,14
66,2,1
1,3,55
2,3,29
3,3,504
4,3,50
5,3,3
6,3,5
7,3,33
8,3,6
9,3,4
10,3,8
11,3,21
12,3,103
13,3,10
14,3,110
15,3,15
16,3,33
17,3,13
18,3,16
19,3,132
20,3,5
21,3,34
22,3,7
23,3,122
24,3,11
25,3,20
26,3,2
27,3,2
28,3,6
29,3,8
30,3,15
31,3,10
32,3,9
33,3,8
34,3,3
35,3,2
36,3,7
37,3,1
38,3,4
39,3,2
41,3,1
42,3,1
44,3,2
45,3,1
46,3,2
47,3,4
48,3,7
49,3,57
50,3,9
51,3,16
52,3,17
53,3,13
54,3,8
55,3,7
56,3,9
57,3,37
58,3,8
59,3,2
60,3,11
61,3,6
62,3,4
63,3,1
64,3,31
65,3,4
66,3,2
1,4,42
2,4,10
3,4,52
4,4,319
5,4,3
6,4,1
7,4,53
9,4,2
10,4,5
11,4,10
12,4,44
13,4,5
14,4,24
15,4,5
16,4,12
17,4,4
18,4,2
19,4,69
20,4,5
21,4,14
22,4,5
23,4,139
24,4,7
25,4,20
27,4,1
28,4,3
30,4,5
31,4,5
32,4,4
33,4,5
34,4,1
35,4,1
36,4,4
37,4,1
38,4,4
39,4,2
40,4,2
42,4,1
45,4,1
46,4,2
47,4,1
48,4,18
49,4,13
50,4,10
51,4,6
52,4,1
53,4,4
54,4,1
57,4,10
58,4,1
59,4,2
60,4,1
61,4,1
62,4,1
63,4,2
64,4,25
65,4,2
66,4,1
3,5,2
4,5,3
5,5,239
6,5,27
7,5,2
8,5,15
9,5,7
10,5,137
11,5,9
12,5,25
13,5,1
14,5,4
15,5,1
16,5,4
17,5,5
18,5,1
19,5,61
20,5,3
21,5,10
22,5,3
23,5,3
24,5,2
25,5,2
27,5,3
28,5,16
29,5,3
30,5,15
32,5,3
34,5,6
35,5,2
36,5,32
37,5,3
38,5,5
39,5,2
40,5,12
48,5,1
50,5,3
51,5,2
52,5,1
57,5,3
64,5,4
66,5,1
3,6,5
4,6,1
5,6,27
6,6,130
7,6,1
8,6,7
9,6,36
10,6,67
11,6,9
12,6,23
13,6,4
14,6,6
15,6,2
16,6,4
17,6,13
19,6,53
21,6,13
22,6,1
23,6,2
24,6,1
26,6,2
27,6,3
28,6,11
29,6,1
30,6,11
31,6,1
32,6,2
34,6,6
35,6,2
36,6,24
37,6,3
38,6,3
40,6,1
42,6,1
43,6,1
45,6,1
47,6,1
48,6,3
50,6,2
51,6,1
53,6,1
56,6,1
64,6,3
1,7,47
2,7,6
3,7,32
4,7,53
5,7,2
6,7,1
7,7,82
9,7,1
10,7,2
11,7,12
12,7,33
13,7,2
14,7,19
15,7,8
16,7,5
17,7,7
18,7,8
19,7,42
20,7,4
21,7,3
22,7,3
23,7,97
24,7,2
25,7,7
26,7,5
28,7,1
29,7,2
30,7,6
31,7,4
32,7,9
33,7,2
34,7,1
35,7,3
36,7,4
37,7,2
38,7,3
42,7,2
45,7,5
46,7,2
47,7,1
49,7,20
50,7,5
51,7,3
52,7,1
53,7,3
54,7,2
55,7,3
56,7,1
57,7,8
58,7,1
59,7,2
60,7,3
62,7,1
64,7,16
65,7,4
66,7,2
1,8,3
3,8,6
5,8,15
6,8,7
8,8,87
9,8,7
10,8,106
11,8,15
12,8,48
13,8,2
14,8,7
15,8,5
16,8,7
17,8,13
18,8,2
19,8,51
21,8,17
22,8,2
23,8,2
24,8,1
26,8,8
27,8,3
28,8,43
29,8,15
30,8,13
31,8,5
32,8,15
33,8,2
34,8,11
35,8,6
36,8,31
37,8,9
38,8,9
39,8,2
40,8,5
41,8,2
42,8,2
43,8,1
44,8,1
45,8,5
46,8,2
47,8,1
48,8,1
50,8,1
51,8,2
52,8,3
53,8,5
57,8,2
58,8,2
59,8,1
64,8,5
66,8,2
3,9,4
4,9,2
5,9,6
6,9,35
7,9,1
8,9,7
9,9,456
10,9,134
11,9,11
12,9,37
13,9,1
14,9,23
15,9,5
16,9,3
17,9,11
18,9,3
19,9,122
20,9,5
21,9,24
22,9,2
23,9,9
24,9,6
25,9,1
26,9,2
27,9,2
28,9,11
29,9,4
30,9,16
32,9,3
34,9,4
35,9,8
36,9,83
37,9,4
38,9,9
40,9,2
41,9,1
42,9,3
43,9,1
45,9,1
46,9,1
47,9,1
48,9,1
50,9,3
51,9,2
55,9,1
57,9,1
58,9,1
59,9,1
62,9,1
64,9,10
1,10,5
3,10,8
4,10,5
5,10,135
6,10,66
7,10,2
8,10,107
9,10,135
10,10,584
11,10,19
12,10,37
13,10,4
14,10,21
15,10,10
16,10,16
17,10,12
18,10,9
19,10,128
20,10,17
21,10,20
22,10,7
23,10,7
24,10,1
26,10,11
27,10,7
28,10,98
29,10,84
30,10,44
31,10,12
32,10,23
33,10,14
34,10,63
35,10,18
36,10,102
37,10,43
38,10,52
39,10,7
40,10,37
41,10,12
42,10,18
43,10,4
44,10,1
45,10,5
46,10,3
47,10,2
49,10,1
50,10,5
51,10,3
52,10,3
53,10,2
54,10,2
55,10,2
57,10,6
59,10,1
60,10,1
63,10,1
64,10,8
65,10,1
66,10,4
1,11,8
2,11,4
3,11,22
4,11,10
5,11,8
6,11,9
7,11,17
8,11,15
9,11,12
10,11,19
11,11,1438
12,11,159
13,11,29
14,11,52
15,11,33
16,11,77
17,11,57
18,11,63
19,11,414
20,11,36
21,11,236
22,11,49
23,11,23
24,11,13
25,11,10
26,11,10
27,11,12
28,11,38
29,11,9
30,11,136
31,11,27
32,11,86
33,11,10
34,11,8
35,11,16
36,11,20
37,11,6
38,11,21
39,11,1
41,11,6
42,11,4
43,11,2
44,11,12
45,11,71
46,11,7
47,11,18
48,11,2
49,11,1
50,11,6
51,11,4
52,11,7
53,11,18
54,11,5
55,11,8
56,11,2
57,11,17
58,11,9
59,11,6
60,11,6
61,11,4
62,11,6
63,11,1
64,11,19
65,11,3
1,12,46
2,12,17
3,12,99
4,12,45
5,12,25
6,12,23
7,12,32
8,12,49
9,12,38
10,12,39
11,12,168
12,12,1104
13,12,105
14,12,179
15,12,102
16,12,130
17,12,93
18,12,87
19,12,265
20,12,97
21,12,156
22,12,116
23,12,32
24,12,24
25,12,18
26,12,21
27,12,28
28,12,87
29,12,53
30,12,94
31,12,99
32,12,81
33,12,47
34,12,36
35,12,32
36,12,35
37,12,18
38,12,54
39,12,28
40,12,5
41,12,5
42,12,18
43,12,5
44,12,8
45,12,48
46,12,41
47,12,41
48,12,10
49,12,17
50,12,9
51,12,19
52,12,62
53,12,50
54,12,63
55,12,95
56,12,27
57,12,69
58,12,96
59,12,124
60,12,73
61,12,68
62,12,93
63,12,25
64,12,45
65,12,8
66,12,11
1,13,1
3,13,11
4,13,3
5,13,1
6,13,4
7,13,2
8,13,2
9,13,1
10,13,4
11,13,31
12,13,100
13,13,979
14,13,30
15,13,29
16,13,37
17,13,96
18,13,10
19,13,297
20,13,39
21,13,59
22,13,9
23,13,15
24,13,3
25,13,2
26,13,2
27,13,2
28,13,4
29,13,2
30,13,25
31,13,78
32,13,6
33,13,14
34,13,6
35,13,7
36,13,20
37,13,4
38,13,1
39,13,1
40,13,1
42,13,1
43,13,1
44,13,3
45,13,10
46,13,2
47,13,6
48,13,1
49,13,1
50,13,4
51,13,10
52,13,4
54,13,1
55,13,3
57,13,9
58,13,2
59,13,3
60,13,1
62,13,1
64,13,13
65,13,1
66,13,1
1,14,35
2,14,20
3,14,113
4,14,26
5,14,4
6,14,6
7,14,18
8,14,8
9,14,23
10,14,23
11,14,46
12,14,168
13,14,28
14,14,798
15,14,22
16,14,130
17,14,51
18,14,36
19,14,246
20,14,40
21,14,77
22,14,42
23,14,40
24,14,8
25,14,8
26,14,5
27,14,7
28,14,27
29,14,15
30,14,42
31,14,27
32,14,31
33,14,4
34,14,12
35,14,9
36,14,8
37,14,7
38,14,16
39,14,3
40,14,4
41,14,3
42,14,16
43,14,2
44,14,1
45,14,12
46,14,21
47,14,7
48,14,16
49,14,7
50,14,9
51,14,2
52,14,19
53,14,17
54,14,19
55,14,13
56,14,8
57,14,14
58,14,8
59,14,9
60,14,8
61,14,7
62,14,4
63,14,6
64,14,30
65,14,2
66,14,3
1,15,3
2,15,2
3,15,14
4,15,4
5,15,1
6,15,2
7,15,8
8,15,7
9,15,5
10,15,11
11,15,29
12,15,101
13,15,29
14,15,21
15,15,736
16,15,22
17,15,26
18,15,7
19,15,312
20,15,91
21,15,58
22,15,14
23,15,14
24,15,2
25,15,7
27,15,3
28,15,8
29,15,4
30,15,14
31,15,11
32,15,11
33,15,10
35,15,6
36,15,6
38,15,3
39,15,1
40,15,3
41,15,1
42,15,2
43,15,3
45,15,8
46,15,7
47,15,11
48,15,1
49,15,3
50,15,3
51,15,5
52,15,3
53,15,1
55,15,10
56,15,2
57,15,13
58,15,3
59,15,4
60,15,1
61,15,8
62,15,1
64,15,16
65,15,1
66,15,2
1,16,9
2,16,6
3,16,33
4,16,12
5,16,4
6,16,4
7,16,5
8,16,7
9,16,3
10,16,16
11,16,71
12,16,133
13,16,35
14,16,125
15,16,22
16,16,750
17,16,48
18,16,71
19,16,228
20,16,30
21,16,231
22,16,62
23,16,22
24,16,4
25,16,9
26,16,5
27,16,9
28,16,20
29,16,7
30,16,42
31,16,36
32,16,24
33,16,21
34,16,8
35,16,7
36,16,15
37,16,2
38,16,10
39,16,1
40,16,1
41,16,2
42,16,2
44,16,5
45,16,11
46,16,218
47,16,9
48,16,3
49,16,2
50,16,2
51,16,2
52,16,20
53,16,12
54,16,7
55,16,11
56,16,7
57,16,17
58,16,16
59,16,12
60,16,6
61,16,1
62,16,6
63,16,2
64,16,20
65,16,2
66,16,2
1,17,7
3,17,12
4,17,4
5,17,5
6,17,13
7,17,6
8,17,10
9,17,11
10,17,15
11,17,56
12,17,89
13,17,89
14,17,46
15,17,23
16,17,49
17,17,1187
18,17,38
19,17,424
20,17,41
21,17,76
22,17,31
23,17,18
24,17,9
25,17,9
26,17,6
27,17,4
28,17,19
29,17,4
30,17,65
31,17,35
32,17,19
33,17,74
34,17,12
35,17,7
36,17,9
37,17,1
38,17,8
39,17,1
40,17,3
41,17,2
42,17,3
43,17,4
45,17,19
46,17,8
47,17,5
48,17,6
50,17,4
51,17,8
52,17,7
53,17,23
54,17,4
55,17,4
56,17,1
57,17,16
58,17,3
59,17,8
60,17,2
61,17,1
64,17,15
65,17,1
66,17,1
1,18,2
2,18,1
3,18,13
4,18,2
5,18,1
7,18,8
8,18,2
9,18,3
10,18,6
11,18,67
12,18,84
13,18,10
14,18,35
15,18,6
16,18,69
17,18,39
18,18,449
19,18,254
20,18,12
21,18,237
22,18,227
23,18,9
24,18,4
25,18,5
26,18,3
28,18,7
29,18,6
30,18,16
31,18,7
32,18,11
33,18,11
34,18,5
35,18,3
36,18,8
38,18,4
39,18,3
40,18,2
41,18,2
45,18,14
46,18,12
47,18,1
48,18,1
49,18,4
50,18,1
51,18,2
52,18,7
53,18,1
54,18,1
55,18,4
56,18,2
57,18,8
58,18,1
59,18,1
60,18,1
61,18,1
64,18,15
65,18,2
66,18,2
1,19,89
2,19,45
3,19,142
4,19,67
5,19,60
6,19,52
7,19,44
8,19,53
9,19,119
10,19,124
11,19,412
12,19,272
13,19,302
14,19,254
15,19,300
16,19,229
17,19,419
18,19,254
19,19,1749
20,19,469
21,19,317
22,19,276
23,19,70
24,19,50
25,19,26
26,19,73
27,19,48
28,19,193
29,19,125
30,19,307
31,19,200
32,19,249
33,19,191
34,19,71
35,19,65
36,19,70
37,19,36
38,19,146
39,19,54
40,19,47
41,19,20
42,19,32
43,19,11
44,19,39
45,19,96
46,19,125
47,19,53
48,19,14
49,19,22
50,19,16
51,19,17
52,19,70
53,19,75
54,19,47
55,19,44
56,19,21
57,19,56
58,19,57
59,19,49
60,19,32
61,19,23
62,19,19
63,19,9
64,19,56
65,19,10
66,19,14
1,20,2
2,20,1
3,20,5
4,20,5
5,20,3
7,20,4
9,20,4
10,20,19
11,20,35
12,20,99
13,20,37
14,20,44
15,20,94
16,20,33
17,20,40
18,20,14
19,20,461
20,20,902
21,20,49
22,20,7
23,20,12
24,20,8
25,20,6
26,20,5
28,20,7
29,20,1
30,20,32
31,20,12
32,20,12
33,20,6
34,20,7
35,20,9
36,20,9
37,20,2
38,20,2
39,20,1
41,20,2
43,20,1
45,20,3
46,20,1
47,20,1
48,20,3
49,20,1
50,20,7
51,20,1
52,20,3
53,20,2
54,20,3
55,20,2
56,20,1
57,20,8
58,20,1
61,20,1
62,20,1
64,20,14
1,21,15
2,21,4
3,21,36
4,21,15
5,21,12
6,21,13
7,21,4
8,21,19
9,21,26
10,21,23
11,21,230
12,21,170
13,21,62
14,21,78
15,21,55
16,21,225
17,21,77
18,21,229
19,21,312
20,21,48
21,21,950
22,21,177
23,21,13
24,21,10
25,21,8
26,21,14
27,21,9
28,21,55
29,21,14
30,21,60
31,21,53
32,21,75
33,21,37
34,21,9
35,21,21
36,21,20
37,21,6
38,21,36
39,21,4
40,21,4
41,21,4
42,21,9
43,21,4
44,21,8
45,21,37
46,21,35
47,21,11
48,21,8
49,21,5
50,21,3
51,21,8
52,21,22
53,21,18
54,21,14
55,21,23
56,21,7
57,21,15
58,21,25
59,21,20
60,21,7
61,21,12
62,21,8
63,21,1
64,21,21
65,21,3
66,21,4
1,22,3
3,22,7
4,22,5
5,22,3
6,22,1
7,22,2
8,22,2
9,22,2
10,22,6
11,22,53
12,22,117
13,22,9
14,22,42
15,22,16
16,22,59
17,22,28
18,22,228
19,22,267
20,22,9
21,22,177
22,22,1089
23,22,20
24,22,8
25,22,2
26,22,3
27,22,2
28,22,1
29,22,3
30,22,23
31,22,9
32,22,12
33,22,10
34,22,2
35,22,2
36,22,5
37,22,2
38,22,5
39,22,4
40,22,2
41,22,1
42,22,5
43,22,2
44,22,1
45,22,32
46,22,16
47,22,2
48,22,3
49,22,1
50,22,6
51,22,7
53,22,6
55,22,3
57,22,7
58,22,6
62,22,1
63,22,1
64,22,13
1,23,298
2,23,61
3,23,119
4,23,145
5,23,3
6,23,2
7,23,95
8,23,2
9,23,9
10,23,5
11,23,22
12,23,33
13,23,15
14,23,43
15,23,14
16,23,20
17,23,18
18,23,10
19,23,62
20,23,15
21,23,12
22,23,22
23,23,257
24,23,18
25,23,14
26,23,5
27,23,1
28,23,9
29,23,8
30,23,10
31,23,15
32,23,13
33,23,5
34,23,3
35,23,2
36,23,4
38,23,5
39,23,3
41,23,1
42,23,3
43,23,1
44,23,2
45,23,4
46,23,9
47,23,2
48,23,13
49,23,34
50,23,9
51,23,5
52,23,18
53,23,18
54,23,14
55,23,10
56,23,7
57,23,25
58,23,4
59,23,8
60,23,3
62,23,2
63,23,8
64,23,23
65,23,2
66,23,3
1,24,8
2,24,3
3,24,11
4,24,7
5,24,2
6,24,1
7,24,2
8,24,1
9,24,6
10,24,1
11,24,14
12,24,29
13,24,3
14,24,8
15,24,3
16,24,4
17,24,11
18,24,3
19,24,50
20,24,7
21,24,9
22,24,8
23,24,18
24,24,575
25,24,7
26,24,2
27,24,1
28,24,2
29,24,3
30,24,8
31,24,3
32,24,6
33,24,2
34,24,3
35,24,2
36,24,2
37,24,1
38,24,6
39,24,4
40,24,1
42,24,2
45,24,2
48,24,2
49,24,4
50,24,37
51,24,1
52,24,4
53,24,8
54,24,4
55,24,5
57,24,14
58,24,2
59,24,3
61,24,2
63,24,1
64,24,21
65,24,10
66,24,168
1,25,12
2,25,3
3,25,17
4,25,20
5,25,2
7,25,7
9,25,1
11,25,9
12,25,19
13,25,3
14,25,9
15,25,6
16,25,7
17,25,8
18,25,6
19,25,27
20,25,6
21,25,9
22,25,2
23,25,15
24,25,7
25,25,133
26,25,3
27,25,2
28,25,1
29,25,3
30,25,6
31,25,2
32,25,5
33,25,2
34,25,1
35,25,6
36,25,2
37,25,3
38,25,1
42,25,1
43,25,1
45,25,1
46,25,2
48,25,6
49,25,1
50,25,65
51,25,4
52,25,5
53,25,2
54,25,3
55,25,5
57,25,5
58,25,1
59,25,2
60,25,2
63,25,1
64,25,22
65,25,1
66,25,1
1,26,3
3,26,2
5,26,1
6,26,2
7,26,5
8,26,7
9,26,2
10,26,12
11,26,10
12,26,23
13,26,2
14,26,5
16,26,5
17,26,6
18,26,3
19,26,72
20,26,5
21,26,14
22,26,3
23,26,4
24,26,2
25,26,3
26,26,1587
27,26,17
28,26,4
29,26,2
30,26,5
31,26,2
32,26,2
33,26,1
34,26,3
35,26,16
36,26,24
37,26,9
38,26,1
41,26,264
42,26,3
43,26,12
45,26,1
46,26,1
48,26,3
51,26,4
52,26,1
53,26,2
55,26,2
57,26,2
58,26,2
60,26,1
64,26,3
66,26,1
1,27,5
2,27,1
3,27,2
4,27,1
5,27,3
6,27,3
8,27,3
9,27,1
10,27,7
11,27,13
12,27,25
13,27,2
14,27,6
15,27,3
16,27,9
17,27,4
19,27,48
20,27,1
21,27,9
22,27,2
23,27,1
24,27,1
25,27,2
26,27,15
27,27,642
28,27,4
29,27,4
30,27,10
31,27,4
32,27,5
34,27,9
35,27,16
36,27,13
37,27,8
38,27,2
39,27,1
40,27,1
41,27,23
42,27,3
43,27,153
45,27,1
46,27,3
47,27,2
48,27,1
50,27,1
52,27,2
55,27,1
64,27,5
65,27,2
1,28,2
3,28,5
4,28,3
5,28,17
6,28,10
7,28,1
8,28,40
9,28,10
10,28,94
11,28,38
12,28,85
13,28,4
14,28,26
15,28,10
16,28,21
17,28,19
18,28,6
19,28,198
20,28,6
21,28,59
23,28,5
24,28,2
25,28,1
26,28,4
27,28,4
28,28,258
29,28,13
30,28,53
31,28,1
32,28,16
33,28,4
34,28,28
35,28,8
36,28,58
37,28,8
38,28,40
40,28,13
41,28,7
42,28,4
43,28,2
47,28,3
48,28,2
50,28,3
51,28,8
52,28,1
54,28,2
55,28,1
57,28,7
58,28,1
59,28,4
61,28,1
62,28,1
64,28,6
1,29,1
3,29,8
5,29,3
6,29,1
7,29,2
8,29,16
9,29,3
10,29,88
11,29,8
12,29,53
13,29,2
14,29,15
15,29,4
16,29,7
17,29,4
18,29,6
19,29,125
20,29,1
21,29,14
22,29,1
23,29,8
24,29,4
25,29,3
26,29,2
27,29,4
28,29,11
29,29,555
30,29,16
31,29,1
32,29,4
33,29,6
34,29,27
35,29,22
36,29,56
37,29,12
38,29,7
39,29,3
40,29,1
42,29,31
43,29,1
45,29,1
50,29,1
51,29,5
52,29,2
53,29,2
58,29,1
59,29,2
64,29,18
1,30,4
2,30,2
3,30,14
4,30,5
5,30,15
6,30,11
7,30,5
8,30,15
9,30,18
10,30,40
11,30,147
12,30,88
13,30,27
14,30,41
15,30,14
16,30,43
17,30,62
18,30,18
19,30,316
20,30,31
21,30,63
22,30,23
23,30,8
24,30,7
25,30,5
26,30,6
27,30,10
28,30,51
29,30,16
30,30,843
31,30,49
32,30,203
33,30,40
34,30,28
35,30,13
36,30,35
37,30,9
38,30,35
39,30,6
40,30,6
41,30,3
42,30,6
43,30,2
44,30,3
45,30,13
46,30,8
47,30,7
48,30,4
49,30,5
50,30,5
51,30,9
52,30,5
53,30,8
54,30,5
55,30,6
56,30,4
57,30,18
58,30,3
59,30,5
60,30,3
61,30,2
62,30,1
63,30,1
64,30,12
65,30,2
66,30,2
1,31,2
3,31,8
4,31,5
6,31,1
7,31,5
8,31,4
10,31,11
11,31,28
12,31,93
13,31,76
14,31,27
15,31,11
16,31,35
17,31,35
18,31,8
19,31,209
20,31,12
21,31,52
22,31,9
23,31,15
24,31,3
25,31,2
26,31,2
27,31,4
28,31,1
29,31,1
30,31,48
31,31,985
32,31,8
33,31,53
34,31,20
35,31,7
36,31,11
37,31,3
38,31,3
39,31,58
40,31,10
41,31,1
42,31,4
45,31,4
46,31,3
47,31,4
49,31,1
50,31,6
51,31,6
52,31,3
53,31,2
54,31,2
55,31,3
56,31,1
57,31,8
58,31,1
60,31,3
61,31,1
62,31,8
64,31,15
66,31,1
3,32,7
4,32,4
5,32,3
6,32,2
7,32,8
8,32,15
9,32,3
10,32,21
11,32,84
12,32,77
13,32,8
14,32,32
15,32,13
16,32,22
17,32,15
18,32,11
19,32,249
20,32,11
21,32,80
22,32,12
23,32,13
24,32,6
25,32,5
26,32,2
27,32,5
28,32,17
29,32,4
30,32,215
31,32,7
32,32,918
33,32,10
34,32,3
35,32,5
36,32,15
38,32,45
39,32,1
40,32,1
41,32,1
43,32,3
45,32,7
46,32,1
47,32,2
49,32,1
50,32,5
51,32,12
52,32,2
53,32,1
55,32,2
57,32,15
58,32,3
61,32,1
64,32,9
65,32,1
66,32,2
3,33,7
4,33,5
7,33,2
8,33,2
10,33,16
11,33,11
12,33,48
13,33,13
14,33,4
15,33,11
16,33,20
17,33,73
18,33,9
19,33,189
20,33,7
21,33,37
22,33,8
23,33,5
24,33,2
25,33,2
26,33,1
28,33,4
29,33,6
30,33,38
31,33,57
32,33,13
33,33,687
34,33,16
35,33,3
36,33,5
37,33,1
38,33,4
39,33,2
43,33,3
45,33,1
46,33,1
47,33,3
48,33,1
50,33,5
51,33,4
53,33,2
54,33,1
57,33,5
58,33,4
59,33,2
64,33,10
66,33,1
1,34,1
3,34,3
4,34,1
5,34,5
6,34,6
7,34,1
8,34,13
9,34,4
10,34,66
11,34,8
12,34,37
13,34,6
14,34,12
16,34,8
17,34,11
18,34,6
19,34,69
20,34,7
21,34,9
22,34,2
23,34,4
24,34,2
25,34,1
26,34,4
27,34,9
28,34,25
29,34,27
30,34,26
31,34,19
32,34,3
33,34,17
34,34,293
35,34,7
36,34,32
37,34,6
38,34,8
39,34,4
40,34,3
42,34,5
43,34,1
44,34,1
46,34,2
47,34,2
48,34,1
50,34,1
51,34,2
52,34,1
53,34,1
57,34,2
64,34,7
65,34,1
1,35,3
2,35,1
3,35,2
4,35,1
5,35,2
6,35,2
7,35,3
8,35,6
9,35,8
10,35,20
11,35,19
12,35,30
13,35,7
14,35,7
15,35,6
16,35,8
17,35,8
18,35,4
19,35,61
20,35,10
21,35,21
22,35,2
23,35,2
24,35,2
25,35,6
26,35,15
27,35,15
28,35,8
29,35,22
30,35,12
31,35,7
32,35,5
33,35,3
34,35,7
35,35,544
36,35,22
37,35,45
38,35,2
39,35,3
40,35,2
41,35,8
42,35,172
43,35,5
45,35,1
46,35,2
47,35,2
48,35,6
49,35,2
50,35,3
51,35,3
53,35,1
54,35,1
55,35,2
56,35,1
57,35,3
58,35,2
59,35,1
60,35,1
63,35,1
64,35,5
66,35,2
1,36,1
2,36,3
3,36,7
4,36,4
5,36,33
6,36,27
7,36,4
8,36,29
9,36,82
10,36,101
11,36,18
12,36,36
13,36,19
14,36,7
15,36,7
16,36,18
17,36,9
18,36,9
19,36,69
20,36,9
21,36,22
22,36,5
23,36,3
24,36,2
25,36,2
26,36,21
27,36,12
28,36,58
29,36,57
30,36,34
31,36,12
32,36,15
33,36,4
34,36,30
35,36,21
36,36,281
37,36,43
38,36,32
39,36,16
40,36,17
41,36,7
42,36,13
43,36,5
44,36,1
45,36,4
46,36,2
47,36,2
48,36,2
49,36,1
50,36,5
52,36,2
53,36,1
54,36,2
55,36,5
56,36,1
58,36,3
59,36,1
60,36,2
61,36,1
64,36,8
3,37,1
4,37,2
5,37,3
6,37,3
7,37,2
8,37,9
9,37,4
10,37,43
11,37,6
12,37,17
13,37,4
14,37,7
16,37,2
17,37,1
19,37,36
20,37,2
21,37,6
22,37,2
24,37,1
25,37,3
26,37,9
27,37,8
28,37,8
29,37,10
30,37,9
31,37,3
33,37,1
34,37,6
35,37,45
36,37,42
37,37,219
38,37,2
41,37,5
42,37,8
43,37,1
45,37,4
50,37,2
51,37,2
64,37,4
3,38,4
4,38,3
5,38,6
6,38,3
7,38,3
8,38,8
9,38,9
10,38,54
11,38,20
12,38,54
13,38,1
14,38,15
15,38,3
16,38,10
17,38,8
18,38,4
19,38,146
20,38,2
21,38,39
22,38,5
23,38,5
24,38,6
25,38,1
26,38,1
27,38,2
28,38,41
29,38,7
30,38,35
31,38,3
32,38,45
33,38,3
34,38,7
35,38,2
36,38,33
37,38,2
38,38,669
39,38,1
42,38,1
45,38,7
48,38,1
51,38,4
52,38,1
57,38,8
64,38,11
3,39,2
4,39,2
5,39,2
8,39,2
10,39,7
11,39,1
12,39,28
13,39,1
14,39,3
15,39,1
16,39,1
17,39,1
18,39,3
19,39,55
20,39,1
21,39,4
22,39,5
23,39,3
24,39,5
27,39,1
29,39,3
30,39,6
31,39,57
32,39,1
33,39,2
34,39,4
35,39,3
36,39,17
38,39,1
39,39,236
40,39,1
47,39,1
50,39,4
51,39,2
55,39,3
57,39,4
64,39,9
65,39,1
2,40,1
4,40,2
5,40,12
6,40,1
8,40,5
9,40,2
10,40,37
12,40,4
13,40,1
14,40,3
15,40,3
16,40,1
17,40,3
18,40,2
19,40,47
21,40,2
22,40,2
23,40,1
24,40,1
27,40,1
28,40,14
29,40,2
30,40,6
31,40,10
32,40,1
34,40,3
35,40,2
36,40,15
38,40,2
39,40,1
40,40,66
41,40,4
42,40,2
45,40,3
47,40,1
48,40,2
51,40,1
53,40,1
55,40,2
57,40,3
59,40,1
62,40,2
1,41,1
3,41,1
8,41,2
9,41,1
10,41,12
11,41,6
12,41,4
14,41,3
15,41,2
16,41,2
17,41,2
18,41,2
19,41,18
20,41,2
21,41,4
22,41,1
23,41,1
26,41,264
27,41,22
28,41,7
29,41,2
30,41,3
31,41,1
32,41,1
35,41,8
36,41,7
37,41,3
40,41,4
41,41,437
42,41,2
43,41,6
46,41,2
49,41,1
51,41,1
57,41,3
58,41,1
59,41,2
64,41,2
65,41,1
3,42,1
4,42,1
6,42,1
7,42,2
8,42,2
9,42,3
10,42,17
11,42,7
12,42,16
13,42,1
14,42,14
15,42,2
16,42,1
17,42,3
19,42,36
21,42,6
22,42,5
23,42,3
24,42,2
25,42,1
26,42,4
27,42,3
28,42,4
29,42,31
30,42,7
31,42,3
34,42,5
35,42,172
36,42,13
37,42,9
38,42,1
40,42,2
41,42,2
42,42,144
43,42,3
44,42,1
45,42,3
48,42,1
50,42,1
52,42,2
57,42,3
6,43,1
8,43,1
9,43,1
10,43,5
11,43,1
12,43,5
13,43,1
14,43,2
15,43,3
17,43,4
19,43,11
20,43,1
21,43,4
22,43,2
23,43,1
24,43,1
25,43,1
26,43,13
27,43,153
28,43,2
29,43,1
30,43,1
31,43,1
32,43,3
33,43,3
34,43,1
35,43,5
36,43,4
37,43,1
41,43,6
42,43,3
43,43,62
47,43,1
48,43,3
51,43,2
62,43,1
1,44,2
3,44,2
8,44,1
10,44,1
11,44,9
12,44,8
13,44,3
14,44,1
15,44,1
16,44,5
19,44,39
21,44,6
22,44,1
23,44,2
30,44,7
34,44,1
36,44,1
42,44,1
44,44,440
45,44,23
47,44,1
50,44,1
57,44,1
64,44,1
3,45,1
4,45,1
6,45,1
7,45,5
8,45,3
10,45,6
11,45,71
12,45,49
13,45,10
14,45,11
15,45,8
16,45,11
17,45,17
18,45,12
19,45,101
20,45,5
21,45,36
22,45,30
23,45,4
24,45,2
25,45,1
26,45,1
27,45,1
28,45,1
29,45,1
30,45,11
31,45,4
32,45,8
33,45,1
35,45,1
36,45,4
37,45,4
38,45,7
39,45,1
40,45,3
42,45,3
44,45,22
45,45,543
46,45,2
47,45,3
49,45,1
50,45,3
51,45,1
54,45,1
55,45,2
56,45,2
57,45,5
58,45,1
59,45,1
63,45,1
64,45,5
1,46,1
3,46,1
4,46,2
7,46,2
8,46,2
9,46,1
10,46,3
11,46,9
12,46,40
13,46,3
14,46,20
15,46,6
16,46,218
17,46,8
18,46,12
19,46,127
20,46,1
21,46,33
22,46,16
23,46,9
25,46,2
26,46,1
27,46,3
30,46,7
31,46,3
32,46,1
33,46,1
34,46,2
35,46,2
36,46,2
41,46,2
45,46,2
46,46,296
47,46,2
48,46,2
50,46,1
51,46,2
52,46,1
53,46,2
55,46,1
56,46,1
57,46,5
59,46,3
64,46,8
3,47,4
4,47,1
6,47,1
7,47,1
8,47,1
9,47,1
10,47,2
11,47,18
12,47,43
13,47,6
14,47,7
15,47,11
16,47,9
17,47,5
18,47,1
19,47,54
20,47,1
21,47,9
22,47,2
23,47,2
27,47,1
28,47,4
30,47,6
31,47,5
32,47,2
33,47,2
34,47,2
35,47,2
36,47,2
39,47,1
40,47,1
43,47,1
44,47,1
45,47,3
46,47,2
47,47,389
48,47,1
51,47,1
53,47,1
55,47,4
57,47,7
58,47,4
59,47,4
60,47,1
61,47,57
62,47,15
63,47,1
64,47,4
1,48,1
2,48,2
3,48,6
4,48,18
5,48,1
6,48,3
8,48,1
9,48,1
11,48,1
12,48,9
13,48,1
14,48,15
15,48,2
16,48,4
17,48,6
18,48,1
19,48,15
20,48,2
21,48,8
22,48,3
23,48,13
24,48,2
25,48,6
26,48,3
27,48,1
28,48,2
30,48,4
33,48,1
34,48,1
35,48,5
36,48,2
38,48,1
40,48,2
42,48,1
43,48,4
46,48,2
47,48,1
48,48,126
49,48,1
50,48,1
51,48,4
52,48,2
53,48,1
57,48,4
58,48,2
59,48,4
62,48,2
64,48,5
65,48,1
1,49,9
2,49,9
3,49,56
4,49,13
7,49,22
10,49,1
11,49,2
12,49,18
13,49,1
14,49,7
15,49,3
16,49,2
17,49,1
18,49,4
19,49,23
20,49,1
21,49,5
22,49,1
23,49,34
24,49,4
25,49,1
30,49,5
31,49,1
32,49,1
35,49,2
36,49,1
41,49,1
45,49,1
48,49,1
49,49,106
50,49,1
51,49,2
53,49,2
55,49,3
57,49,1
58,49,3
59,49,2
62,49,1
64,49,10
1,50,11
2,50,1
3,50,11
4,50,11
5,50,3
6,50,2
7,50,5
8,50,1
9,50,3
10,50,5
11,50,5
12,50,8
13,50,4
14,50,7
15,50,3
16,50,2
17,50,4
18,50,1
19,50,16
20,50,6
21,50,3
22,50,6
23,50,10
24,50,38
25,50,63
27,50,1
28,50,3
29,50,1
30,50,4
31,50,6
32,50,6
33,50,5
34,50,1
35,50,3
36,50,5
37,50,2
39,50,4
42,50,1
44,50,1
45,50,3
46,50,1
49,50,2
50,50,115
51,50,3
52,50,4
53,50,2
54,50,2
55,50,9
56,50,1
57,50,5
58,50,7
59,50,4
60,50,5
63,50,1
64,50,11
65,50,5
66,50,12
1,51,4
2,51,8
3,51,17
4,51,6
5,51,2
6,51,1
7,51,2
8,51,2
9,51,2
10,51,3
11,51,6
12,51,21
13,51,11
14,51,2
15,51,6
16,51,2
17,51,9
18,51,2
19,51,14
21,51,6
22,51,7
23,51,6
24,51,1
25,51,4
26,51,4
28,51,8
29,51,5
30,51,10
31,51,5
32,51,10
33,51,4
34,51,1
35,51,3
36,51,1
37,51,2
38,51,5
39,51,2
41,51,1
43,51,2
45,51,1
46,51,2
47,51,1
48,51,5
49,51,2
50,51,3
51,51,4
52,51,21
53,51,22
54,51,11
55,51,10
56,51,11
57,51,28
58,51,13
59,51,8
60,51,7
61,51,4
62,51,2
63,51,8
64,51,5
65,51,2
1,52,2
2,52,1
3,52,20
4,52,1
5,52,1
7,52,1
8,52,2
10,52,2
11,52,7
12,52,64
13,52,3
14,52,19
15,52,3
16,52,21
17,52,7
18,52,4
19,52,68
20,52,3
21,52,22
22,52,1
23,52,16
24,52,3
25,52,3
26,52,1
27,52,2
28,52,1
29,52,2
30,52,5
31,52,3
32,52,2
34,52,1
36,52,2
38,52,1
42,52,1
46,52,1
48,52,2
50,52,4
51,52,21
52,52,103
53,52,44
54,52,27
55,52,13
56,52,9
57,52,119
58,52,9
59,52,9
60,52,2
61,52,2
62,52,1
63,52,10
64,52,16
65,52,1
1,53,1
2,53,6
3,53,14
4,53,4
6,53,1
7,53,4
8,53,5
10,53,1
11,53,14
12,53,47
14,53,18
15,53,2
16,53,14
17,53,23
18,53,1
19,53,72
20,53,2
21,53,19
22,53,4
23,53,17
24,53,9
25,53,2
26,53,2
29,53,2
30,53,13
31,53,2
32,53,3
33,53,2
34,53,1
35,53,1
36,53,1
40,53,1
46,53,2
47,53,1
48,53,1
49,53,2
50,53,2
51,53,21
52,53,44
53,53,193
54,53,28
55,53,17
56,53,5
57,53,141
58,53,10
59,53,12
60,53,8
61,53,10
62,53,1
63,53,7
64,53,30
65,53,6
66,53,1
1,54,1
3,54,9
4,54,1
7,54,2
8,54,1
10,54,2
11,54,5
12,54,62
13,54,1
14,54,18
16,54,6
17,54,4
18,54,1
19,54,48
20,54,4
21,54,12
23,54,15
24,54,4
25,54,3
28,54,2
30,54,5
31,54,1
33,54,1
35,54,1
36,54,1
45,54,1
50,54,2
51,54,11
52,54,26
53,54,28
54,54,201
55,54,32
56,54,10
57,54,148
58,54,22
59,54,9
60,54,6
61,54,2
62,54,1
63,54,32
64,54,19
65,54,1
66,54,1
1,55,1
3,55,7
4,55,2
7,55,1
9,55,1
10,55,1
11,55,8
12,55,100
13,55,2
14,55,10
15,55,9
16,55,9
17,55,2
18,55,3
19,55,46
20,55,2
21,55,24
22,55,4
23,55,11
24,55,5
25,55,8
26,55,2
27,55,1
28,55,1
30,55,6
31,55,3
32,55,2
34,55,1
35,55,2
36,55,3
39,55,3
40,55,2
44,55,1
45,55,2
46,55,2
47,55,4
49,55,3
50,55,9
51,55,9
52,55,10
53,55,16
54,55,32
55,55,119
56,55,15
57,55,87
58,55,30
59,55,41
60,55,20
61,55,8
62,55,10
63,55,6
64,55,13
65,55,3
66,55,3
3,56,9
4,56,1
6,56,1
7,56,1
8,56,1
10,56,1
11,56,2
12,56,29
14,56,8
15,56,2
16,56,7
18,56,2
19,56,20
20,56,1
21,56,9
23,56,7
30,56,4
31,56,1
35,56,1
36,56,1
45,56,2
46,56,1
50,56,1
51,56,10
52,56,8
53,56,5
54,56,10
55,56,16
56,56,72
57,56,75
58,56,11
59,56,3
60,56,7
61,56,1
62,56,2
63,56,2
64,56,3
66,56,1
1,57,23
2,57,7
3,57,32
4,57,8
5,57,3
7,57,9
8,57,2
9,57,1
10,57,4
11,57,15
12,57,80
13,57,9
14,57,10
15,57,11
16,57,18
17,57,16
18,57,9
19,57,58
20,57,10
21,57,13
22,57,4
23,57,26
24,57,15
25,57,6
26,57,3
28,57,7
29,57,1
30,57,15
31,57,8
32,57,15
33,57,6
34,57,2
35,57,3
38,57,8
39,57,4
40,57,3
41,57,3
42,57,3
44,57,1
45,57,5
46,57,5
47,57,7
48,57,3
49,57,1
50,57,5
51,57,29
52,57,118
53,57,146
54,57,150
55,57,85
56,57,77
57,57,407
58,57,68
59,57,53
60,57,48
61,57,15
62,57,14
63,57,72
64,57,17
65,57,5
1,58,1
2,58,2
3,58,8
4,58,1
7,58,1
8,58,2
9,58,1
11,58,11
12,58,98
13,58,2
14,58,9
15,58,4
16,58,13
17,58,2
18,58,2
19,58,53
20,58,1
21,58,25
22,58,7
23,58,3
24,58,2
25,58,1
26,58,2
28,58,1
29,58,1
30,58,3
31,58,1
32,58,3
33,58,4
35,58,3
36,58,3
41,58,1
45,58,1
47,58,3
48,58,2
49,58,3
50,58,7
51,58,12
52,58,11
53,58,10
54,58,22
55,58,30
56,58,13
57,58,71
58,58,61
59,58,14
60,58,3
61,58,4
62,58,4
63,58,4
64,58,14
65,58,4
1,59,1
3,59,3
4,59,2
7,59,2
9,59,1
10,59,2
11,59,6
12,59,122
13,59,3
14,59,10
15,59,4
16,59,11
17,59,9
19,59,49
21,59,22
23,59,7
24,59,3
25,59,2
28,59,3
29,59,2
30,59,6
33,59,2
35,59,1
36,59,1
40,59,1
41,59,2
45,59,1
46,59,2
47,59,4
48,59,4
49,59,2
50,59,4
51,59,8
52,59,9
53,59,12
54,59,9
55,59,41
56,59,3
57,59,54
58,59,17
59,59,61
60,59,13
61,59,4
62,59,12
63,59,2
64,59,10
65,59,1
66,59,2
1,60,1
3,60,12
4,60,1
7,60,4
10,60,1
11,60,6
12,60,73
13,60,1
14,60,8
16,60,6
17,60,2
18,60,1
19,60,30
21,60,6
23,60,3
25,60,1
26,60,1
30,60,3
31,60,3
32,60,2
35,60,1
36,60,2
47,60,1
50,60,5
51,60,6
52,60,2
53,60,7
54,60,5
55,60,21
56,60,6
57,60,53
58,60,4
59,60,13
60,60,10
61,60,4
63,60,4
64,60,13
3,61,5
4,61,2
11,61,4
12,61,69
14,61,6
15,61,5
16,61,1
17,61,1
18,61,1
19,61,26
20,61,1
21,61,12
23,61,2
24,61,2
28,61,1
30,61,2
31,61,1
32,61,1
36,61,1
47,61,57
51,61,5
52,61,1
53,61,8
54,61,2
55,61,8
56,61,1
57,61,15
58,61,3
59,61,5
60,61,4
61,61,52
62,61,44
63,61,1
64,61,5
2,62,2
3,62,4
7,62,1
9,62,1
11,62,7
12,62,91
13,62,1
14,62,2
15,62,3
16,62,9
19,62,19
20,62,1
21,62,6
22,62,1
23,62,3
28,62,1
30,62,1
31,62,6
33,62,1
40,62,2
43,62,1
47,62,17
48,62,1
49,62,1
51,62,2
52,62,1
53,62,1
54,62,1
55,62,10
56,62,2
57,62,10
58,62,4
59,62,12
61,62,43
62,62,63
64,62,2
1,63,1
3,63,3
4,63,1
10,63,1
11,63,1
12,63,22
14,63,8
16,63,3
19,63,10
22,63,1
23,63,6
24,63,2
25,63,1
30,63,1
34,63,1
35,63,1
45,63,1
47,63,1
50,63,1
51,63,8
52,63,11
53,63,7
54,63,32
55,63,5
56,63,2
57,63,69
58,63,4
59,63,2
60,63,4
61,63,1
63,63,14
64,63,5
1,64,22
2,64,14
3,64,33
4,64,24
5,64,4
6,64,3
7,64,16
8,64,5
9,64,9
10,64,4
11,64,18
12,64,43
13,64,12
14,64,30
15,64,15
16,64,19
17,64,17
18,64,16
19,64,56
20,64,14
21,64,20
22,64,12
23,64,22
24,64,21
25,64,23
26,64,4
27,64,5
28,64,7
29,64,20
30,64,10
31,64,16
32,64,11
33,64,10
34,64,8
35,64,5
36,64,8
37,64,4
38,64,12
39,64,9
41,64,2
44,64,1
45,64,5
46,64,8
47,64,4
48,64,6
49,64,11
50,64,10
51,64,5
52,64,18
53,64,30
54,64,21
55,64,12
56,64,4
57,64,17
58,64,13
59,64,10
60,64,15
61,64,5
62,64,2
63,64,4
64,64,310
65,64,102
66,64,10
1,65,2
3,65,4
4,65,2
7,65,4
10,65,1
11,65,4
12,65,7
13,65,1
14,65,2
15,65,1
16,65,3
17,65,1
18,65,2
19,65,9
21,65,3
22,65,1
23,65,2
24,65,10
25,65,1
27,65,2
28,65,1
30,65,3
32,65,1
34,65,1
39,65,1
41,65,1
48,65,1
50,65,4
51,65,2
52,65,1
53,65,6
54,65,1
55,65,3
57,65,7
58,65,3
59,65,1
64,65,100
65,65,62
1,66,1
3,66,2
4,66,1
5,66,1
7,66,2
8,66,2
10,66,5
12,66,11
13,66,1
14,66,2
15,66,2
16,66,1
18,66,2
19,66,15
21,66,3
23,66,3
24,66,169
25,66,1
26,66,1
30,66,3
31,66,1
32,66,2
33,66,1
35,66,2
50,66,12
53,66,1
54,66,1
55,66,2
56,66,1
59,66,2
64,66,10
66,66,60